<BackupInst xmlns="http://www.microsoft.com/GroupPolicy/GPOOperations/Manifest"><GPOGuid><![CDATA[{EEEA1DF0-9B28-4A79-BC7D-B008D3F8A29A}]]></GPOGuid><GPODomain><![CDATA[Contoso.com]]></GPODomain><GPODomainGuid><![CDATA[{01ea7e24-04cd-48ab-acc2-2d1269c0614a}]]></GPODomainGuid><GPODomainController><![CDATA[WIN-TTSLJAP94GB.Contoso.com]]></GPODomainController><BackupTime><![CDATA[2021-08-31T18:44:11]]></BackupTime><ID><![CDATA[{27789F09-4FA8-40F2-9707-5F486AC0ABAD}]]></ID><Comment><![CDATA[]]></Comment><GPODisplayName><![CDATA[AVD Session Host Policy]]></GPODisplayName></BackupInst>
