<?xml version="1.0" encoding="utf-8"?><!-- Copyright (c) Microsoft Corporation.  All rights reserved. --><GroupPolicyBackupScheme bkp:version="2.0" bkp:type="GroupPolicyBackupTemplate" xmlns:bkp="http://www.microsoft.com/GroupPolicy/GPOOperations" xmlns="http://www.microsoft.com/GroupPolicy/GPOOperations">
    <GroupPolicyObject><SecurityGroups><Group bkp:Source="FromDACL"><Sid><![CDATA[S-1-5-21-1175142115-1304046415-2118361117-519]]></Sid><SamAccountName><![CDATA[Enterprise Admins]]></SamAccountName><Type><![CDATA[UniversalGroup]]></Type><NetBIOSDomainName><![CDATA[AGWVD]]></NetBIOSDomainName><DnsDomainName><![CDATA[agwvd.onmicrosoft.com]]></DnsDomainName><UPN><![CDATA[Enterprise Admins@agwvd.onmicrosoft.com]]></UPN></Group><Group bkp:Source="FromDACL"><Sid><![CDATA[S-1-5-21-1175142115-1304046415-2118361117-512]]></Sid><SamAccountName><![CDATA[Domain Admins]]></SamAccountName><Type><![CDATA[GlobalGroup]]></Type><NetBIOSDomainName><![CDATA[AGWVD]]></NetBIOSDomainName><DnsDomainName><![CDATA[agwvd.onmicrosoft.com]]></DnsDomainName><UPN><![CDATA[Domain Admins@agwvd.onmicrosoft.com]]></UPN></Group><Group bkp:Source="FromDACL"><Sid><![CDATA[S-1-5-21-1175142115-1304046415-2118361117-1104]]></Sid><SamAccountName><![CDATA[AAD DC Administrators]]></SamAccountName><Type><![CDATA[GlobalGroup]]></Type><NetBIOSDomainName><![CDATA[AGWVD]]></NetBIOSDomainName><DnsDomainName><![CDATA[agwvd.onmicrosoft.com]]></DnsDomainName><UPN><![CDATA[AAD DC Administrators@agwvd.onmicrosoft.com]]></UPN></Group><Group bkp:Source="FromDACL"><Sid><![CDATA[S-1-5-21-1175142115-1304046415-2118361117-1111]]></Sid><SamAccountName><![CDATA[domainadminagwvdonmi]]></SamAccountName><Type><![CDATA[User]]></Type><NetBIOSDomainName><![CDATA[AGWVD]]></NetBIOSDomainName><DnsDomainName><![CDATA[agwvd.onmicrosoft.com]]></DnsDomainName><UPN><![CDATA[domainadmin@agwvd.onmicrosoft.com]]></UPN></Group></SecurityGroups><FilePaths/><GroupPolicyCoreSettings><ID><![CDATA[{C6C29E20-4B60-4C57-8894-44EE56C476B3}]]></ID><Domain><![CDATA[agwvd.onmicrosoft.com]]></Domain><SecurityDescriptor>01 00 04 9c 00 00 00 00 00 00 00 00 00 00 00 00 14 00 00 00 04 00 10 01 09 00 00 00 05 02 28 00 00 01 00 00 01 00 00 00 8f fd ac ed b3 ff d1 11 b4 1d 00 a0 c9 68 f9 39 01 01 00 00 00 00 00 05 0b 00 00 00 00 00 24 00 ff 00 0f 00 01 05 00 00 00 00 00 05 15 00 00 00 e3 3e 0b 46 4f 2b ba 4d 1d a0 43 7e 57 04 00 00 00 02 24 00 ff 00 0f 00 01 05 00 00 00 00 00 05 15 00 00 00 e3 3e 0b 46 4f 2b ba 4d 1d a0 43 7e 00 02 00 00 00 02 24 00 ff 00 0f 00 01 05 00 00 00 00 00 05 15 00 00 00 e3 3e 0b 46 4f 2b ba 4d 1d a0 43 7e 07 02 00 00 00 03 24 00 ff 01 0f 00 01 05 00 00 00 00 00 05 15 00 00 00 e3 3e 0b 46 4f 2b ba 4d 1d a0 43 7e 50 04 00 00 00 02 14 00 94 00 02 00 01 01 00 00 00 00 00 05 09 00 00 00 00 02 14 00 94 00 02 00 01 01 00 00 00 00 00 05 0b 00 00 00 00 02 14 00 ff 00 0f 00 01 01 00 00 00 00 00 05 12 00 00 00 00 0a 14 00 ff 00 0f 00 01 01 00 00 00 00 00 03 00 00 00 00</SecurityDescriptor><DisplayName><![CDATA[WVD Session Host Policy]]></DisplayName><Options><![CDATA[0]]></Options><UserVersionNumber><![CDATA[0]]></UserVersionNumber><MachineVersionNumber><![CDATA[131074]]></MachineVersionNumber><MachineExtensionGuids><![CDATA[[{42B5FAAE-6536-11D2-AE5A-0000F87571E3}{40B6664F-4972-11D1-A7CA-0000F87571E3}]]]></MachineExtensionGuids><UserExtensionGuids/><WMIFilter/></GroupPolicyCoreSettings> 
        <GroupPolicyExtension bkp:ID="{35378EAC-683F-11D2-A89A-00C04FBBCFA2}" bkp:DescName="Registry">
            
            
            <FSObjectFile bkp:Path="%GPO_FSPATH%\Adm\*.*" bkp:SourceExpandedPath="\\GH5XF5R0N8C2WPZ.agwvd.onmicrosoft.com\sysvol\agwvd.onmicrosoft.com\Policies\{C6C29E20-4B60-4C57-8894-44EE56C476B3}\Adm\*.*"/>
        </GroupPolicyExtension>
        
        
        <GroupPolicyExtension bkp:ID="{42B5FAAE-6536-11d2-AE5A-0000F87571E3}" bkp:DescName="Scripts">
            <FSObjectFile bkp:Path="%GPO_MACH_FSPATH%\Scripts\scripts.ini" bkp:SourceExpandedPath="\\GH5XF5R0N8C2WPZ.agwvd.onmicrosoft.com\sysvol\agwvd.onmicrosoft.com\Policies\{C6C29E20-4B60-4C57-8894-44EE56C476B3}\Machine\Scripts\scripts.ini" bkp:ReEvaluateFunction="ScriptsValidatePaths" bkp:Location="DomainSysvol\GPO\Machine\Scripts\scripts.ini"/>
	    <FSObjectFile bkp:Path="%GPO_MACH_FSPATH%\Scripts\PSscripts.ini" bkp:SourceExpandedPath="\\GH5XF5R0N8C2WPZ.agwvd.onmicrosoft.com\sysvol\agwvd.onmicrosoft.com\Policies\{C6C29E20-4B60-4C57-8894-44EE56C476B3}\Machine\Scripts\PSscripts.ini" bkp:Location="DomainSysvol\GPO\Machine\Scripts\PSscripts.ini"/>
            <FSObjectDir bkp:Path="%GPO_MACH_FSPATH%\Scripts\Startup\*" bkp:SourceExpandedPath="\\GH5XF5R0N8C2WPZ.agwvd.onmicrosoft.com\sysvol\agwvd.onmicrosoft.com\Policies\{C6C29E20-4B60-4C57-8894-44EE56C476B3}\Machine\Scripts\Startup\*"><FSObjectDir bkp:Path="%GPO_MACH_FSPATH%\Scripts\Startup" bkp:SourceExpandedPath="\\GH5XF5R0N8C2WPZ.agwvd.onmicrosoft.com\sysvol\agwvd.onmicrosoft.com\Policies\{C6C29E20-4B60-4C57-8894-44EE56C476B3}\Machine\Scripts\Startup" bkp:Location="DomainSysvol\GPO\Machine\Scripts\Startup"/></FSObjectDir>
            <FSObjectFile bkp:Path="%GPO_MACH_FSPATH%\Scripts\Startup\*" bkp:SourceExpandedPath="\\GH5XF5R0N8C2WPZ.agwvd.onmicrosoft.com\sysvol\agwvd.onmicrosoft.com\Policies\{C6C29E20-4B60-4C57-8894-44EE56C476B3}\Machine\Scripts\Startup\*"><FSObjectFile bkp:Path="%GPO_MACH_FSPATH%\Scripts\Startup\PostInstallConfigureWVDSessionHosts.ps1" bkp:SourceExpandedPath="\\GH5XF5R0N8C2WPZ.agwvd.onmicrosoft.com\sysvol\agwvd.onmicrosoft.com\Policies\{C6C29E20-4B60-4C57-8894-44EE56C476B3}\Machine\Scripts\Startup\PostInstallConfigureWVDSessionHosts.ps1" bkp:Location="DomainSysvol\GPO\Machine\Scripts\Startup\PostInstallConfigureWVDSessionHosts.ps1"/></FSObjectFile>
            <FSObjectDir bkp:Path="%GPO_MACH_FSPATH%\Scripts\Shutdown\*" bkp:SourceExpandedPath="\\GH5XF5R0N8C2WPZ.agwvd.onmicrosoft.com\sysvol\agwvd.onmicrosoft.com\Policies\{C6C29E20-4B60-4C57-8894-44EE56C476B3}\Machine\Scripts\Shutdown\*"><FSObjectDir bkp:Path="%GPO_MACH_FSPATH%\Scripts\Shutdown" bkp:SourceExpandedPath="\\GH5XF5R0N8C2WPZ.agwvd.onmicrosoft.com\sysvol\agwvd.onmicrosoft.com\Policies\{C6C29E20-4B60-4C57-8894-44EE56C476B3}\Machine\Scripts\Shutdown" bkp:Location="DomainSysvol\GPO\Machine\Scripts\Shutdown"/></FSObjectDir>
            <FSObjectFile bkp:Path="%GPO_MACH_FSPATH%\Scripts\Shutdown\*" bkp:SourceExpandedPath="\\GH5XF5R0N8C2WPZ.agwvd.onmicrosoft.com\sysvol\agwvd.onmicrosoft.com\Policies\{C6C29E20-4B60-4C57-8894-44EE56C476B3}\Machine\Scripts\Shutdown\*"/>
            
	    
            <FSObjectDir bkp:Path="%GPO_USER_FSPATH%\Scripts\Logon\*" bkp:SourceExpandedPath="\\GH5XF5R0N8C2WPZ.agwvd.onmicrosoft.com\sysvol\agwvd.onmicrosoft.com\Policies\{C6C29E20-4B60-4C57-8894-44EE56C476B3}\User\Scripts\Logon\*"/>
            <FSObjectFile bkp:Path="%GPO_USER_FSPATH%\Scripts\Logon\*" bkp:SourceExpandedPath="\\GH5XF5R0N8C2WPZ.agwvd.onmicrosoft.com\sysvol\agwvd.onmicrosoft.com\Policies\{C6C29E20-4B60-4C57-8894-44EE56C476B3}\User\Scripts\Logon\*"/>
            <FSObjectDir bkp:Path="%GPO_USER_FSPATH%\Scripts\Logoff\*" bkp:SourceExpandedPath="\\GH5XF5R0N8C2WPZ.agwvd.onmicrosoft.com\sysvol\agwvd.onmicrosoft.com\Policies\{C6C29E20-4B60-4C57-8894-44EE56C476B3}\User\Scripts\Logoff\*"/>
            <FSObjectFile bkp:Path="%GPO_USER_FSPATH%\Scripts\Logoff\*" bkp:SourceExpandedPath="\\GH5XF5R0N8C2WPZ.agwvd.onmicrosoft.com\sysvol\agwvd.onmicrosoft.com\Policies\{C6C29E20-4B60-4C57-8894-44EE56C476B3}\User\Scripts\Logoff\*"/>
        </GroupPolicyExtension>
        
        
        
        
        
        
    <GroupPolicyExtension bkp:ID="{F15C46CD-82A0-4C2D-A210-5D0D3182A418}" bkp:DescName="Unknown Extension"><FSObjectDir bkp:Path="%GPO_MACH_FSPATH%\Scripts" bkp:SourceExpandedPath="\\GH5XF5R0N8C2WPZ.agwvd.onmicrosoft.com\sysvol\agwvd.onmicrosoft.com\Policies\{C6C29E20-4B60-4C57-8894-44EE56C476B3}\Machine\Scripts" bkp:Location="DomainSysvol\GPO\Machine\Scripts"/></GroupPolicyExtension></GroupPolicyObject>
</GroupPolicyBackupScheme>