<BackupInst xmlns="http://www.microsoft.com/GroupPolicy/GPOOperations/Manifest"><GPOGuid><![CDATA[{C6C29E20-4B60-4C57-8894-44EE56C476B3}]]></GPOGuid><GPODomain><![CDATA[agwvd.onmicrosoft.com]]></GPODomain><GPODomainGuid><![CDATA[{17b75d90-0025-44e5-95a4-a14dd4c17f52}]]></GPODomainGuid><GPODomainController><![CDATA[GH5XF5R0N8C2WPZ.agwvd.onmicrosoft.com]]></GPODomainController><BackupTime><![CDATA[2021-04-13T14:45:49]]></BackupTime><ID><![CDATA[{7D4878EA-63DB-4698-AECB-AD681C6152D3}]]></ID><Comment><![CDATA[]]></Comment><GPODisplayName><![CDATA[WVD Session Host Policy]]></GPODisplayName></BackupInst>
