<?xml version="1.0" encoding="utf-8"?><!-- Copyright (c) Microsoft Corporation.  All rights reserved. --><GroupPolicyBackupScheme bkp:version="2.0" bkp:type="GroupPolicyBackupTemplate" xmlns:bkp="http://www.microsoft.com/GroupPolicy/GPOOperations" xmlns="http://www.microsoft.com/GroupPolicy/GPOOperations">
    <GroupPolicyObject><SecurityGroups><Group bkp:Source="FromDACL"><Sid><![CDATA[S-1-5-21-340126834-3249334177-682999454-519]]></Sid><SamAccountName><![CDATA[Enterprise Admins]]></SamAccountName><Type><![CDATA[UniversalGroup]]></Type><NetBIOSDomainName><![CDATA[AGWVD]]></NetBIOSDomainName><DnsDomainName><![CDATA[agwvd.onmicrosoft.com]]></DnsDomainName><UPN><![CDATA[Enterprise Admins@agwvd.onmicrosoft.com]]></UPN></Group><Group bkp:Source="FromDACL"><Sid><![CDATA[S-1-5-21-340126834-3249334177-682999454-512]]></Sid><SamAccountName><![CDATA[Domain Admins]]></SamAccountName><Type><![CDATA[GlobalGroup]]></Type><NetBIOSDomainName><![CDATA[AGWVD]]></NetBIOSDomainName><DnsDomainName><![CDATA[agwvd.onmicrosoft.com]]></DnsDomainName><UPN><![CDATA[Domain Admins@agwvd.onmicrosoft.com]]></UPN></Group><Group bkp:Source="FromDACL"><Sid><![CDATA[S-1-5-21-340126834-3249334177-682999454-1104]]></Sid><SamAccountName><![CDATA[AAD DC Administrators]]></SamAccountName><Type><![CDATA[GlobalGroup]]></Type><NetBIOSDomainName><![CDATA[AGWVD]]></NetBIOSDomainName><DnsDomainName><![CDATA[agwvd.onmicrosoft.com]]></DnsDomainName><UPN><![CDATA[AAD DC Administrators@agwvd.onmicrosoft.com]]></UPN></Group><Group bkp:Source="FromDACL"><Sid><![CDATA[S-1-5-21-340126834-3249334177-682999454-1111]]></Sid><SamAccountName><![CDATA[domainadminagwvdonmi]]></SamAccountName><Type><![CDATA[User]]></Type><NetBIOSDomainName><![CDATA[AGWVD]]></NetBIOSDomainName><DnsDomainName><![CDATA[agwvd.onmicrosoft.com]]></DnsDomainName><UPN><![CDATA[domainadmin@agwvd.onmicrosoft.com]]></UPN></Group></SecurityGroups><FilePaths/><GroupPolicyCoreSettings><ID><![CDATA[{D4C29433-669C-4FAC-B88F-298CFB7DCDAF}]]></ID><Domain><![CDATA[agwvd.onmicrosoft.com]]></Domain><SecurityDescriptor>01 00 04 9c 00 00 00 00 00 00 00 00 00 00 00 00 14 00 00 00 04 00 10 01 09 00 00 00 05 02 28 00 00 01 00 00 01 00 00 00 8f fd ac ed b3 ff d1 11 b4 1d 00 a0 c9 68 f9 39 01 01 00 00 00 00 00 05 0b 00 00 00 00 00 24 00 ff 00 0f 00 01 05 00 00 00 00 00 05 15 00 00 00 72 ec 45 14 a1 e7 ac c1 9e be b5 28 57 04 00 00 00 02 24 00 ff 00 0f 00 01 05 00 00 00 00 00 05 15 00 00 00 72 ec 45 14 a1 e7 ac c1 9e be b5 28 00 02 00 00 00 02 24 00 ff 00 0f 00 01 05 00 00 00 00 00 05 15 00 00 00 72 ec 45 14 a1 e7 ac c1 9e be b5 28 07 02 00 00 00 03 24 00 ff 01 0f 00 01 05 00 00 00 00 00 05 15 00 00 00 72 ec 45 14 a1 e7 ac c1 9e be b5 28 50 04 00 00 00 02 14 00 94 00 02 00 01 01 00 00 00 00 00 05 09 00 00 00 00 02 14 00 94 00 02 00 01 01 00 00 00 00 00 05 0b 00 00 00 00 02 14 00 ff 00 0f 00 01 01 00 00 00 00 00 05 12 00 00 00 00 0a 14 00 ff 00 0f 00 01 01 00 00 00 00 00 03 00 00 00 00</SecurityDescriptor><DisplayName><![CDATA[AVD Session Host Policy]]></DisplayName><Options><![CDATA[0]]></Options><UserVersionNumber><![CDATA[0]]></UserVersionNumber><MachineVersionNumber><![CDATA[655370]]></MachineVersionNumber><MachineExtensionGuids><![CDATA[ ]]></MachineExtensionGuids><UserExtensionGuids/><WMIFilter/></GroupPolicyCoreSettings> 
        <GroupPolicyExtension bkp:ID="{35378EAC-683F-11D2-A89A-00C04FBBCFA2}" bkp:DescName="Registry">
            <FSObjectFile bkp:Path="%GPO_MACH_FSPATH%\registry.pol" bkp:SourceExpandedPath="\\D94-YHENTH9ZFKE.agwvd.onmicrosoft.com\sysvol\agwvd.onmicrosoft.com\Policies\{D4C29433-669C-4FAC-B88F-298CFB7DCDAF}\Machine\registry.pol" bkp:Location="DomainSysvol\GPO\Machine\registry.pol"/>
            
            <FSObjectFile bkp:Path="%GPO_FSPATH%\Adm\*.*" bkp:SourceExpandedPath="\\D94-YHENTH9ZFKE.agwvd.onmicrosoft.com\sysvol\agwvd.onmicrosoft.com\Policies\{D4C29433-669C-4FAC-B88F-298CFB7DCDAF}\Adm\*.*"/>
        </GroupPolicyExtension>
        
        
        
        
        
        
        
        
        
    <GroupPolicyExtension bkp:ID="{F15C46CD-82A0-4C2D-A210-5D0D3182A418}" bkp:DescName="Unknown Extension"><FSObjectDir bkp:Path="%GPO_MACH_FSPATH%\Applications" bkp:SourceExpandedPath="\\D94-YHENTH9ZFKE.agwvd.onmicrosoft.com\sysvol\agwvd.onmicrosoft.com\Policies\{D4C29433-669C-4FAC-B88F-298CFB7DCDAF}\Machine\Applications" bkp:Location="DomainSysvol\GPO\Machine\Applications"/><FSObjectFile bkp:Path="%GPO_MACH_FSPATH%\comment.cmtx" bkp:SourceExpandedPath="\\D94-YHENTH9ZFKE.agwvd.onmicrosoft.com\sysvol\agwvd.onmicrosoft.com\Policies\{D4C29433-669C-4FAC-B88F-298CFB7DCDAF}\Machine\comment.cmtx" bkp:Location="DomainSysvol\GPO\Machine\comment.cmtx"/><FSObjectDir bkp:Path="%GPO_MACH_FSPATH%\Scripts" bkp:SourceExpandedPath="\\D94-YHENTH9ZFKE.agwvd.onmicrosoft.com\sysvol\agwvd.onmicrosoft.com\Policies\{D4C29433-669C-4FAC-B88F-298CFB7DCDAF}\Machine\Scripts" bkp:Location="DomainSysvol\GPO\Machine\Scripts"/><FSObjectFile bkp:Path="%GPO_MACH_FSPATH%\Scripts\scripts.ini" bkp:SourceExpandedPath="\\D94-YHENTH9ZFKE.agwvd.onmicrosoft.com\sysvol\agwvd.onmicrosoft.com\Policies\{D4C29433-669C-4FAC-B88F-298CFB7DCDAF}\Machine\Scripts\scripts.ini" bkp:Location="DomainSysvol\GPO\Machine\Scripts\scripts.ini"/><FSObjectDir bkp:Path="%GPO_MACH_FSPATH%\Scripts\Shutdown" bkp:SourceExpandedPath="\\D94-YHENTH9ZFKE.agwvd.onmicrosoft.com\sysvol\agwvd.onmicrosoft.com\Policies\{D4C29433-669C-4FAC-B88F-298CFB7DCDAF}\Machine\Scripts\Shutdown" bkp:Location="DomainSysvol\GPO\Machine\Scripts\Shutdown"/><FSObjectDir bkp:Path="%GPO_MACH_FSPATH%\Scripts\Startup" bkp:SourceExpandedPath="\\D94-YHENTH9ZFKE.agwvd.onmicrosoft.com\sysvol\agwvd.onmicrosoft.com\Policies\{D4C29433-669C-4FAC-B88F-298CFB7DCDAF}\Machine\Scripts\Startup" bkp:Location="DomainSysvol\GPO\Machine\Scripts\Startup"/><FSObjectFile bkp:Path="%GPO_MACH_FSPATH%\Scripts\Startup\PostInstallConfigureAVDSessionHosts.ps1" bkp:SourceExpandedPath="\\D94-YHENTH9ZFKE.agwvd.onmicrosoft.com\sysvol\agwvd.onmicrosoft.com\Policies\{D4C29433-669C-4FAC-B88F-298CFB7DCDAF}\Machine\Scripts\Startup\PostInstallConfigureAVDSessionHosts.ps1" bkp:Location="DomainSysvol\GPO\Machine\Scripts\Startup\PostInstallConfigureAVDSessionHosts.ps1"/></GroupPolicyExtension></GroupPolicyObject>
</GroupPolicyBackupScheme>