<BackupInst xmlns="http://www.microsoft.com/GroupPolicy/GPOOperations/Manifest"><GPOGuid><![CDATA[{D4C29433-669C-4FAC-B88F-298CFB7DCDAF}]]></GPOGuid><GPODomain><![CDATA[agwvd.onmicrosoft.com]]></GPODomain><GPODomainGuid><![CDATA[{152c61df-1644-4918-9306-967a41846ad6}]]></GPODomainGuid><GPODomainController><![CDATA[D94-YHENTH9ZFKE.agwvd.onmicrosoft.com]]></GPODomainController><BackupTime><![CDATA[2021-06-22T19:05:03]]></BackupTime><ID><![CDATA[{102358E5-C122-419B-957E-99B868ED8C6A}]]></ID><Comment><![CDATA[]]></Comment><GPODisplayName><![CDATA[AVD Session Host Policy]]></GPODisplayName></BackupInst>
