<BackupInst xmlns="http://www.microsoft.com/GroupPolicy/GPOOperations/Manifest"><GPOGuid><![CDATA[{1C7B793B-249B-4E04-BAE4-3B68E3E55B94}]]></GPOGuid><GPODomain><![CDATA[agwvd.onmicrosoft.com]]></GPODomain><GPODomainGuid><![CDATA[{5410de6a-3a43-4bed-974a-ce111baec78e}]]></GPODomainGuid><GPODomainController><![CDATA[TZ1M5TI88A325C1.agwvd.onmicrosoft.com]]></GPODomainController><BackupTime><![CDATA[2021-06-23T19:45:35]]></BackupTime><ID><![CDATA[{C21DBE0D-F2F2-4A1E-B4F1-F162786BAB0F}]]></ID><Comment><![CDATA[]]></Comment><GPODisplayName><![CDATA[AVD Session Host Policy]]></GPODisplayName></BackupInst>
